{"lines":{"put":[3.197,3.954,"pʊt"],"класть":[4.8629999999999995,5.542,""],"let":[9.788,10.571,"let"],"позволять":[11.492999999999999,12.245,""],"set":[16.549000000000003,17.411,"set"],"помещать":[18.324,19.029,""],"ставить":[19.525,20.186,""],"установить":[20.6,21.475,""],"read":[25.947999999999997,26.836,"riːd"],"читать":[27.787,28.412,""],"begin":[29.334,30.222,"bɪˈɡɪn"],"began":[31.133999999999997,32.074,"bɪˈɡæn"],"begun":[32.899,33.839,"bɪˈɡʌn"],"начинать":[34.752,35.493,""],"find":[36.352000000000004,37.161,"faɪnd"],"found":[40.006,40.998,"faʊnd"],"находить":[41.940999999999995,42.596,""],"stand":[43.487,44.505,"stænd"],"stood":[47.16,48.126,"stʊd"],"стоять":[49.078,49.786,""],"understand":[50.653,51.906,"ˌʌndəˈstænd"],"understood":[54.729,55.852,"ˌʌndəˈstʊd"],"понимать":[56.761,57.436,""],"get":[58.332,59.115,"ɡet"],"got":[61.737,62.546,"ɡɒt"],"получать":[63.46,64.161,""],"становиться":[290.944,291.829,""],"добираться":[65.962,66.787,""],"win":[67.666,68.423,"wɪn"],"won":[70.969,71.752,"wʌn"],"выиграть":[72.694,73.385,""],"победить":[73.796,74.48,""],"sit":[75.256,76.118,"sɪt"],"sat":[78.89200000000001,79.858,"sæt"],"сидеть":[80.76599999999999,81.457,""],"meet":[82.295,83.183,"miːt"],"met":[85.893,86.807,"met"],"встречать":[87.75699999999999,88.541,""],"lead":[89.45700000000001,90.266,"liːd"],"led":[92.653,93.436,"led"],"вести":[94.396,95.053,""],"hold":[95.94600000000001,96.912,"həʊld"],"held":[99.735,100.675,"held"],"держать":[201.424,202.106,""],"can":[103.209,103.94,"kæn"],"could":[106.341,106.994,"kəd"],"мочь":[130.85399999999998,131.428,""],"уметь":[108.89099999999999,109.446,""],"tell":[110.322,111.105,"tel"],"told":[113.65599999999999,114.544,"təʊld"],"рассказывать":[115.462,116.357,""],"hear":[117.295,118.078,"hɪə(r)"],"heard":[120.91199999999999,121.904,"hɜːd"],"слышать":[122.821,123.489,""],"услышать":[123.95,124.671,""],"may":[125.566,126.375,"meɪ"],"might":[128.942,129.934,"maɪt"],"иметь":[243.797,244.424,""],"возможность":[132.844,133.765,""],"buy":[134.699,135.508,"baɪ"],"bought":[137.975,138.837,"bɔːt"],"купить":[139.788,140.413,""],"lose":[141.306,142.168,"luːz"],"lost":[144.797,145.737,"lɒst"],"терять":[146.65599999999998,147.218,""],"think":[148.156,149.018,"θɪŋk"],"thought":[151.84199999999998,152.808,"θɔːt"],"думать":[153.72,154.319,""],"bring":[155.25,156.059,"brɪŋ"],"brought":[158.683,159.649,"brɔːt"],"приносить":[160.571,161.313,""],"leave":[162.208,163.096,"liːv"],"left":[166.01600000000002,167.061,"left"],"оставить":[167.999,168.727,""],"уйти":[169.145,169.672,""],"feel":[170.489,171.272,"fiːl"],"felt":[173.904,174.74,"felt"],"чувствовать":[175.692,176.489,""],"mean":[177.28500000000003,178.199,"miːn"],"meant":[180.94899999999998,181.915,"ment"],"означать":[182.866,183.578,""],"в":[185.007,185.518,""],"виду":[185.926,186.427,""],"lean":[187.329,188.138,"liːn"],"leant":[190.997,191.989,"lent"],"опираться":[192.907,193.711,""],"прислоняться":[194.125,195.065,""],"keep":[195.891,196.753,"kiːp"],"kept":[199.56300000000002,200.477,"kept"],"хранить":[202.558,203.184,""],"spend":[204.073,205.091,"spend"],"spent":[207.84300000000002,208.888,"spent"],"тратить":[209.842,210.454,""],"проводить":[210.895,211.592,""],"время":[211.951,212.525,""],"send":[213.40800000000002,214.348,"send"],"sent":[217.12900000000002,218.121,"sent"],"посылать":[218.98399999999998,219.82,""],"присылать":[220.27200000000002,221.097,""],"отправлять":[221.505,222.339,""],"отсылать":[222.79000000000002,223.598,""],"build":[224.543,225.352,"bɪld"],"built":[228.045,228.881,"bɪlt"],"строить":[229.827,230.527,""],"have":[231.444,232.253,"həv"],"had":[242.298,242.925,"həd"],"обладать":[244.89600000000002,245.632,""],"has":[238.993,239.802,"həz"],"say":[246.536,247.398,"seɪ"],"said":[249.857,250.719,"sed"],"сказать":[251.626,252.327,""],"make":[253.211,254.02,"meɪk"],"made":[256.70000000000005,257.588,"meɪd"],"делать":[340.693,341.346,""],"производить":[259.507,260.313,""],"заставлять":[260.722,261.567,""],"pay":[262.45799999999997,263.215,"peɪ"],"paid":[265.666,266.502,"peɪd"],"платить":[267.42,268.158,""],"learn":[269.036,269.872,"lɜːn"],"learnt":[272.613,273.553,"lɜːnt"],"изучать":[274.53299999999996,275.229,""],"учить":[275.633,276.228,""],"узнавать":[276.71999999999997,277.443,""],"come":[281.84299999999996,282.626,"kʌm"],"came":[280.01300000000003,280.927,"keɪm"],"приходить":[283.53499999999997,284.296,""],"become":[289.038,289.978,"bɪˈkʌm"],"became":[287.074,288.119,"bɪˈkeɪm"],"делаться":[292.279,292.926,""],"превращаться":[293.346,294.337,""],"run":[298.772,299.608,"rʌn"],"ran":[296.969,297.883,"ræn"],"бежать":[300.06,300.639,""],"течь":[301.065,301.545,""],"be":[308.82099999999997,309.448,"bi"],"was":[304.016,304.747,"wəz"],"been":[311.976,312.759,"biːn"],"быть":[313.63,314.178,""],"were":[310.337,311.042,"wə(r)"],"go":[315.088,315.845,"ɡəʊ"],"went":[316.779,317.667,"went"],"gone":[318.545,319.302,"ɡɒn"],"идти":[320.17199999999997,320.772,""],"show":[321.716,322.761,"ʃəʊ"],"showed":[323.621,324.613,"ʃəʊd"],"shown":[325.537,326.582,"ʃəʊn"],"показывать":[327.49,328.259,""],"do":[329.185,329.942,"duː"],"did":[337.468,338.173,"dɪd"],"done":[339.05199999999996,339.835,"dʌn"],"does":[335.666,336.528,"dʌz"],"give":[342.25899999999996,343.042,"ɡɪv"],"gave":[343.94,344.828,"ɡeɪv"],"given":[345.74899999999997,346.532,"ˈɡɪvn"],"дать":[347.428,347.976,""],"write":[348.906,349.872,"raɪt"],"wrote":[350.685,351.703,"rəʊt"],"written":[352.61400000000003,353.528,"ˈrɪtn"],"писать":[353.973,354.546,""],"fall":[355.45799999999997,356.294,"fɔːl"],"fell":[357.227,357.984,"fel"],"fallen":[358.822,359.71,"ˈfɔːlən"],"падать":[360.61899999999997,361.19,""],"see":[361.99399999999997,362.856,"siː"],"saw":[363.692,364.58,"sɔː"],"seen":[365.47,366.41,"siːn"],"смотреть":[367.274,368.136,""],"видеть":[368.55600000000004,369.16,""],"know":[370.12,370.903,"nəʊ"],"knew":[371.81,372.619,"njuː"],"known":[373.565,374.427,"nəʊn"],"знать":[375.345,375.877,""],"grow":[376.81199999999995,377.621,"ɡrəʊ"],"grew":[378.566,379.349,"ɡruː"],"grown":[380.286,381.2,"ɡrəʊn"],"расти":[382.158,382.75,""],"take":[383.65799999999996,384.52,"teɪk"],"took":[385.37399999999997,386.21,"tʊk"],"taken":[387.047,387.935,"ˈteɪkən"],"брать":[388.80699999999996,389.381,""],"speak":[390.29100000000005,391.309,"spiːk"],"spoke":[392.228,393.22,"spəʊk"],"spoken":[394.11499999999995,395.186,"ˈspəʊkən"],"говорить":[396.06800000000004,396.773,""]},"sound_url":"https://raw.githubusercontent.com/ellsworth-vinson/audio/master/dic/dictionary.1000.mp3","version":"0.0.1"}